,CustomerIndex,CustomerNames,Emails,HeadOfficeIndex
0,1,Geiss Company,lharrison3v@eepurl.com,6
1,2,Jaxbean Group,jwilliamsonpk@eventbrite.com,42
2,3,Ascend Ltd,wwilliamson1g@about.me,28
3,4,Eire Corp,rgreene16@deviantart.com,64
4,5,Blogtags Ltd,rscott2f@printfriendly.com,8
5,6,Family Corp,ajacobs2g@seattletimes.com,61
6,7,Skidoo Company,cmiller1e@statcounter.com,41
7,8,Amerisourc Corp,kcarr11@ustream.tv,23
8,9,Walgreen Corp,aparker1l@pcworld.com,10
9,10,Unit Ltd,bmcdonald47@joomla.org,32
10,11,Voonyx Group,sandrews4j@cisco.com,15
11,12,Realcube Company,jharveydm@etsy.com,66
12,13,Nexus Group,rsanders1e@latimes.com,9
13,14,Alembic Ltd,bcooper41@guardian.co.uk,2
14,15,Centizu Company,sgarcia9k@myspace.com,23
15,16,Arbor Company,ajenkinsbb@feedburner.com,37
16,17,Liberty Group,gperez2a@fda.gov,61
17,18,Omba Group,fbryant5n@alibaba.com,36
18,19,Roberts Company,cwagnera2@ed.gov,27
19,20,Tagfeed Ltd,srichardson8l@ucla.edu,56
20,21,Viva Ltd,wyoungoo@ucla.edu,55
21,22,SAFEWAY Ltd,rclark1m@oracle.com,45
22,23,Devpoint Group,lsanchez5d@umich.edu,48
23,24,Mylan Corp,hmurray2p@loc.gov,66
24,25,Zoonoodle Ltd,jphillipsj2@imgur.com,23
25,26,Avavee Group,joliver1z@unesco.org,33
26,27,Wise Company,bmatthewsm@dot.gov,28
27,28,Army Group,aellis34@tiny.cc,46
28,29,Voolia Ltd,btaylorv@networksolutions.com,12
29,30,Shuffledri Group,vlittle3@wordpress.com,28
30,31,Golden Corp,kmoreno34@ca.gov,36
31,32,EMD Group,gramirez2k@xrea.com,54
32,33,Cadila Ltd,joliver2c@usda.gov,36
33,34,Z.H.T. Group,rwhitedq@nymag.com,29
34,35,Aromaticos Company,jprice67@issuu.com,34
35,36,Trunyx Ltd,bwest3r@barnesandnoble.com,16
36,37,Mycone Ltd,jcruz2p@php.net,41
37,38,Neutrogena Ltd,aharveyd3@flavors.me,33
38,39,Kazu Corp,jwoodo@mit.edu,45
39,40,Twinte Group,ebellpi@yandex.ru,59
40,41,Pixoboo Corp,gpalmer43@hexun.com,25
41,42,Colgate-Pa Group,dmorrisf1@google.pl,20
42,43,Pacific Ltd,pkennedyt@amazon.co.uk,20
43,44,Fivechat Company,jrose1k@163.com,10
44,45,State Ltd,mbarnesv@google.nl,35
45,46,Chatterpoi Corp,brice3h@linkedin.com,15
46,47,Gigabox Group,jjohnston3t@homestead.com,39
47,48,Rochester Group,ksmith4t@blinklist.com,24
48,49,Skyvu Group,cmontgomeryn@twitpic.com,58
49,50,Wordtune Company,ssnyder4l@cafepress.com,32
50,51,Yombu Corp,dfox1t@reuters.com,13
51,52,Avamba Company,abradleyag@patch.com,46
52,53,Kare Corp,pfreeman2d@edublogs.org,50
53,54,Revitol Company,aramos9w@php.net,41
54,55,American Corp,ecollinsd1@seesaa.net,52
55,56,Realpoint Corp,mgeorgecd@elegantthemes.com,11
56,57,Camido Company,alopez2b@vistaprint.com,54
57,58,Ozu Ltd,rburns9i@usda.gov,14
58,59,Gabvine Ltd,aturner9s@webs.com,64
59,60,BTA Corp,jpeters2z@wordpress.org,5
60,61,Eidel Corp,jrogersda@dion.ne.jp,5
61,62,Topiczoom Corp,tgordondk@diigo.com,53
62,63,Pfizer Corp,cwillis4l@answers.com,26
63,64,Fatz Group,fedwards4w@latimes.com,31
64,65,CARDINAL Group,emarshall1o@multiply.com,8
65,66,Bluezoom Group,dwallace1v@unblog.fr,8
66,67,Skyble Corp,dperkinsc1@washingtonpost.com,12
67,68,True Ltd,bcollins1t@prweb.com,4
68,69,Vinte Group,randerson1k@mozilla.com,48
69,70,Cogidoo Company,mcarrolli3@foxnews.com,36
70,71,Remedy Ltd,gray5n@bravesites.com,38
71,72,Wordware Company,tlopezn@bandcamp.com,15
72,73,Deseret Group,grobinson3g@sun.com,31
73,74,Dazzlesphe Corp,mpalmera6@census.gov,50
74,75,Cogilith Group,bnelson17@parallels.com,50
75,76,NARS Group,bhamilton70@multiply.com,27
76,77,Valeant Corp,bbowman1j@phpbb.com,60
77,78,US Ltd,astone14@shareasale.com,50
78,79,Blogspan Ltd,ghuntf5@gravatar.com,6
79,80,Realbuzz Ltd,gandrews39@nifty.com,42
80,81,General Company,mjones2v@omniture.com,48
81,82,Accudial Company,ngarza2s@illinois.edu,2
82,83,sanofi-ave Group,pday6g@plala.or.jp,29
83,84,The Ltd,gporter3l@nba.com,27
84,85,Lazzy Group,ewright29@theatlantic.com,19
85,86,Voolith Ltd,ddayqi@amazon.co.jp,66
86,87,Johnson Ltd,rrussell6p@multiply.com,53
87,88,Twitterbri Ltd,lburkefb@epa.gov,46
88,89,Internatio Company,bbutler13@addtoany.com,28
89,90,Aimbo Corp,criveramf@mysql.com,49
90,91,Zoonder Group,lboydnj@forbes.com,19
91,92,Yodoo Ltd,fscottii@fotki.com,24
92,93,Meejo Corp,jreed7i@epa.gov,29
93,94,Browsetype Corp,fbutlerco@1und1.de,63
94,95,Realbridge Corp,sross1f@xrea.com,9
95,96,Thoughtmix Ltd,ssanchez5k@netvibes.com,43
96,97,Twimbo Company,halvarezm@stanford.edu,23
97,98,Natures Group,dbishopcy@nasa.gov,7
98,99,Flipbug Ltd,rford65@google.co.jp,13
99,100,Aibox Company,smorrisba@craigslist.org,6
100,101,Feednation Corp,rbennett8q@tinypic.com,29
101,102,Linkbuzz Ltd,bsimsla@icio.us,64
102,103,Skajo Ltd,vwatkins8z@unblog.fr,36
103,104,Mydeo Ltd,sjohnstonjs@deliciousdays.com,33
104,105,Oozz Group,fcox6@soundcloud.com,65
105,106,Organon Corp,cwillis1c@theatlantic.com,15
106,107,NCS Group,nandersonqk@blogspot.com,26
107,108,Vitz Company,pmorales92@naver.com,27
108,109,WOCKHARDT Group,mcarter8x@feedburner.com,19
109,110,Holston Company,chamilton3z@geocities.jp,34
110,111,Buzzbean Group,brodriguezmw@google.co.uk,10
111,112,Skiptube Ltd,jmcdonaldbb@disqus.com,35
112,113,Talane Group,ajacobs49@ow.ly,64
113,114,Terumo Corp,pmartinez3e@fc2.com,37
114,115,Dynazzy Company,ahansoni9@acquirethisname.com,61
115,116,Epic Group,sruizd@wikia.com,44
116,117,ALK-Abello Ltd,jwelch37@bigcartel.com,30
117,118,MEIJER Corp,esimmons3g@guardian.co.uk,46
118,119,Livepath Corp,tdavis1v@state.gov,5
119,120,Chatterbri Ltd,smiller24@biglobe.ne.jp,50
120,121,Tambee Company,hturnerw@answers.com,47
121,122,Brightdog Corp,esimpson44@canalblog.com,33
122,123,Muxo Group,hday5g@webnode.com,11
123,124,Roomm Company,hbishop6d@goodreads.com,15
124,125,Zooveo Company,jevans0@guardian.co.uk,22
125,126,Rhynoodle Ltd,wshawq2@mlb.com,52
126,127,Topco Company,phenry4a@samsung.com,4
127,128,Cantrell Company,rcunninghamqt@bigcartel.com,35
128,129,Sanum-Kehl Group,pwells2x@zimbio.com,50
129,130,Jayo Company,mreyes1q@umn.edu,53
130,131,Rooxo Company,jgriffine@latimes.com,22
131,132,CLINIQUE Ltd,jthompson1e@nba.com,65
132,133,Mydo Corp,rramoshq@jugem.jp,54
133,134,Quimm Company,rhenry7y@squarespace.com,45
134,135,Kaymbo Company,alittle8i@un.org,60
135,136,Bath Group,cparker3z@state.tx.us,58
136,137,Aldi Ltd,fcampbell80@360.cn,28
137,138,Zoovu Corp,treynoldspc@freewebs.com,9
138,139,Zoomzone Corp,kwheeler2h@army.mil,63
139,140,Safecor Corp,bchapmanu@geocities.jp,53
140,141,Skinder Group,slawsonci@meetup.com,46
141,142,Skippad Ltd,jchavezik@aboutads.info,27
142,143,Mita Corp,rfoxlk@slideshare.net,2
143,144,Wordpedia Ltd,kmurray1y@go.com,12
144,145,Janyx Group,earnold59@epa.gov,11
145,146,Vimbo Company,srice31@exblog.jp,34
146,147,SUPERVALU Ltd,pbowman2q@usa.gov,27
147,148,Jabbercube Corp,dkennedyaj@intel.com,8
148,149,Fred's Company,clawrence7v@slashdot.org,19
149,150,Zooxo Ltd,hmoore3c@privacy.gov.au,43
150,151,Snaptags Ltd,jsullivangr@sun.com,57
151,152,Eayo Company,jcastillo1w@independent.co.uk,33
152,153,WOONSOCKET Corp,ejordan2g@nba.com,13
153,154,GOOD Ltd,dhanson5@com.com,60
154,155,Zoomdog Corp,gsmith1x@youku.com,25
155,156,Actavis Company,jkimw@netscape.com,22
156,157,Flipstorm Group,jcarr8@oakley.com,51
157,158,Linklinks Ltd,kjones2g@walmart.com,15
158,159,Quaxo Ltd,jgray33@blogtalkradio.com,30
159,160,Browsebug Company,jmedina4n@tumblr.com,16
160,161,Aveda Group,swilson46@freewebs.com,58
161,162,Oba Company,rnichols24@plala.or.jp,41
162,163,Zava Group,emyers4p@princeton.edu,25
163,164,Divanoodle Ltd,cgarrettkj@ted.com,26
164,165,Buzzshare Company,awilliamson1@craigslist.org,57
165,166,Brainspher Ltd,hfowler6h@xinhuanet.com,39
166,167,Nlounge Ltd,fromero4g@behance.net,62
167,168,Podcat Corp,wgreenks@ocn.ne.jp,35
168,169,Fivebridge Ltd,vmarshall1s@freewebs.com,22
169,170,SEINDNI Corp,jwilliamson1o@unblog.fr,58
170,171,Accord Group,egraham2o@nsw.gov.au,18
171,172,BB17 Company,jblackn@spiegel.de,18
172,173,H Ltd,pgonzales7y@youku.com,12
173,174,Tekfly Group,awashington5k@devhub.com,23
174,175,SHISEIDO Ltd,rreyesqw@list-manage.com,1
